COD_RH;     COD_PRODUCTO;     RNOMBRE_COMERCIAL;     CONTRATO/REGISTRO;     TITULAR;     DURACION;     REGULACION;     TIPO-REGULACION;     CICLO;     ESTADO_VARIEDAD;     PLATAFORMA;     AMBIENTE
0000005444;36;;;;;;;;;;;
0000005444;37;;;;0 meses;;;;;;;
0000005444;38;;;;0 meses;;;;;;;
0000005444;39;;ANI-PROJEKTAVJ-075 DE 2013. Subcon Ingercivil;;0 meses;;;;;;;
0000005479;46;;Contrato Interadministrativo 271-SUBAFIN-2016;;0 meses;;;;;;;
0000005479;47;;Contrato 155 ARC-DIABA 2015;;0 meses;;;;;;;
0000005479;48;;Contrato interadministrativo No 2015 02 0884;;6 meses;;;;;;;
0000005479;49;;Contrato interadministrativo No 2015 02 0884;;0 meses;;;;;;;
0000005479;50;;Contrato Interadministrativo N°054 de 2012;;1 meses;;;;;;;
0000005479;51;;Convenio Número 1689 de 2009;;11 meses;;;;;;;
0000005479;52;;CONTRATO INTERADMINISTRATIVO No. 148 ARC DIABA-2012;;10 meses;;;;;;;
0000005562;10;Virtual Plant 2;;;;;;;;;;
0000005562;11;Virtual Plant;;;;;;;;;;
0000006149;26;;;;;;;;;Delphi;Windows;
0000006149;27;;;;;;;;;;;
0000006947;29;;149- de 2006 UESP-UD;;24 meses;;;;;;;
0000006947;30;;149- de 2006 UESP-UD;;24 meses;;;;;;;
0000006947;31;;;;4 meses;;;;;;;
0000006947;32;;012-2007 UAESP-UD;;0 meses;;;;;;;
0000006947;33;;;;;;;;;;;
0000006947;34;;;;;;;;;;;
0000037516;10;;;;;;;;;;;
0000037516;11;;;;;;;;;;;
0000037516;12;;;;;;;;;;;
0000037516;13;;;;;;;;;;;
0000037516;14;;;;;;;;;;;
0000037516;15;;;;;;;;;;;
0000037516;16;;;;;;;;;;;
0000037524;40;;;;;;;;;Mathlab;Windows;
0000037524;41;;;;;;;;;;;
0000037524;42;;;;;;;;;;;
0000037524;43;;;;;;;;;;;
0000037524;44;;;;;;;;;;;
0000037524;45;;;;;;;;;;;
0000037524;46;;;;;;;;;;;
0000037524;47;;;;;;;;;;;
0000037524;48;;;;;;;;;;;
0000037621;93;;;;;;;;;MATLAB;Windows;
0000037621;94;;;;;;;;;Matlab;Windows;
0000037621;95;;;;;;;;;;;
0000037621;96;Sistema Integral de Protección contra Rayos;;;;;;;;;;
0000037621;97;Sistema Integral de Protección contra Rayos;;;4 meses;;;;;;;
0000037621;98;;;;2 meses;;;;;;;
0000037621;99;;;;4 meses;;;;;;;
0000037621;100;Sistema Integral de Protección contra Rayos;;;6 meses;;;;;;;
0000037621;101;Sistema Integral de Protección contra rayos;;;4 meses;;;;;;;
0000037621;102;;;;2 meses;;;;;;;
0000037621;103;;;;3 meses;;;;;;;
0000037621;104;Guia BP de Protección contra rayos.;;;;;;;;;;
0000037621;105;;;;;;;;;;;
0000037621;106;NTC 4552: Norma Técnica Colombiana de Protección contra Rayos;;;;;;;;;;
0000037621;107;;;;;;;;;;;
0000044610;23;;;;;;;;;LIMUX;Grafico;
0000044610;24;;;;;;;;;;;
0000044610;25;;;;;;;;;;;
0000044610;26;;;;;;;;;;;
0000044610;27;;;;;;;;;;;
0000044610;28;;;;;;;;;;;
0000044610;29;;;;;;;;;;;
0000050970;5;;;;;;;;;FORTRAN 77;VAX DIGITAL;
0000050970;6;;;;;;;;;FORTRAN IV;IBM;
0000050970;7;;;;0 meses;;;;;;;
0000050970;8;;;;0 meses;;;;;;;
0000050970;9;;;;0 meses;;;;;;;
0000050970;10;;;;0 meses;;;;;;;
0000050970;11;;;;0 meses;;;;;;;
0000050970;12;;;;0 meses;;;;;;;
0000050970;13;;;;0 meses;;;;;;;
0000050970;14;;;;0 meses;;;;;;;
0000050970;15;;;;0 meses;;;;;;;
0000050970;16;;;;0 meses;;;;;;;
0000050970;17;;;;0 meses;;;;;;;
0000050970;18;;;;0 meses;;;;;;;
0000050989;6;;;;5 meses;;;;;;;
0000050989;7;;;;11 meses;;;;;;;
0000050989;8;;;;6 meses;;;;;;;
0000050989;9;;;;2 meses;;;;;;;
0000050989;10;;;;2 meses;;;;;;;
0000050989;11;;;;4 meses;;;;;;;
0000050989;12;;;;3 meses;;;;;;;
0000050989;13;;;;10 meses;;;;;;;
0000050989;14;;;;24 meses;;;;;;;
0000050989;15;;;;6 meses;;;;;;;
0000050989;16;;;;3 meses;;;;;;;
0000054070;32;;;;;;;;;PC;Win 98;
0000105872;21;;;;;;;;;;;
0000105899;177;;;;;;;;;Delphi 5.0;;
0000105899;178;;;;;;;;;;;
0000105899;179;;;;;;;;;;;
0000105899;180;;;;;;;;;;;
0000105899;181;;;;;;;;;;;
0000105910;43;;;;;;;;;;;
0000105929;82;;;;;;;;;;;
0000141984;122;;;;;;;;;DOS;FORTRAN;
0000141984;123;Estudios de Estabilidad de las Islas en el río Magdalena frente a Neiva;1276/2007;;;;;;;;;
0000141984;124;Elaboración de los Diseños de las Obras de Control de Amenaza Natural por Inundación en el río Suaza y las Quebradas Satía y La Viciosa;460;;;;;;;;;
0000141984;125;Estudios e Investiagciones de las Obras de Restauración Ambiental y de Navegación del Canal del Dique;1-0037/2005;;;;;;;;;
0000141984;126;;;;4 meses;;;;;;;
0000141984;127;;;;6 meses;;;;;;;
0000141984;128;;;;4 meses;;;;;;;
0000141984;129;;;;6 meses;;;;;;;
0000141984;130;;;;18 meses;;;;;;;
0000141984;131;;;;3 meses;;;;;;;
0000141984;132;;;;2 meses;;;;;;;
0000141984;133;;;;6 meses;;;;;;;
0000141984;134;Informe Final Proyecto Elaboración de los diseños de las obras de control de amenazas naturales del río Suaza y las Quebradas Satía y la Viciosa;1;;6 meses;;;;;;;
0000141984;135;;;;6 meses;;;;;;;
0000141984;136;Zonificación de la Torrencialidad y Diseño de un Sistema de Seguimiento y Pronóstico para la cuenca del río Las Ceibas;180/2005;;6 meses;;;;;;;
0000141984;137;Propuesta metodológica para la estimación de caudales ambientales en proyectos licenciados por el MAVDT-UNAL;004/2007;;6 meses;;;;;;;
0000141984;138;;;;10 meses;;;;;;;
0000141984;139;;;;6 meses;;;;;;;
0000141984;140;;;;2 meses;;;;;;;
0000141984;141;;;;3 meses;;;;;;;
0000141984;142;Estudios de Estabilidad de las Islas en el Río Magdalena frente a Neiva;1276/2005;;14 meses;;;;;;;
0000141984;143;Estudios e investigaciones de las obras de restauración ambiental y de navegación del Canal del Dique;037/2005;;18 meses;;;;;;;
0000141984;144;Curso de actualización de levantamientos hidrográficos;085/2007;;1 meses;;;;;;;
0000141984;145;Estudio del impacto de la reducción del caudal en el Canal del Dique. Cormagdalena-UN;513/2008;;6 meses;;;;;;;
0000141984;146;Diseño de la red de monitoreo de calidad hídrica de la cuenca del río Bogotá. Fase I. CAR-UNAL;515/2007;;14 meses;;;;;;;
0000141984;147;;;;5 meses;;;;;;;
0000141984;148;;113 / 2016;;8 meses;;;;;;;
0000141984;149;Diseño del Observatorio Colombiano de Gobernanza del Agua;061 de 2013;;0 meses;;;;;;;
0000141984;150;Informe Final;;;0 meses;;;;;;;
0000141984;151;Informe Final;;;6 meses;;;;;;;
0000141984;152;Informe Final;;;24 meses;;;;;;;
0000141984;153;;;;10 meses;;;;;;;
0000145963;14;;Convenio interadministrativo Universidad Nacional y Departamento Administrativo Nacional;;7 meses;;;;;;;
0000149713;14;;;;0 meses;;;;;;;
0000151114;17;;;;;;;;;;;
0000151114;18;;;;;;;;;;;
0000151114;19;;;;;;;;;;;
0000151114;20;;;;;;;;;;;
0000151114;21;;;;;;;;;;;
0000151114;22;;003 de 2013;;6 meses;;;;;;;
0000151114;23;;003 de 2013;;0 meses;;;;;;;
0000151114;24;;;;0 meses;;;;;;;
0000151114;25;;;;10 meses;;;;;;;
0000151114;26;;;;12 meses;;;;;;;
0000151114;27;;453/2013;;0 meses;;;;;;;
0000151114;28;;453/2013;;0 meses;;;;;;;
0000151114;29;;;;0 meses;;;;;;;
0000151947;36;;;;;;;;;;;
0000151947;37;;;;0 meses;;;;;;;
0000151947;38;;;;0 meses;;;;;;;
0000151947;39;;;;0 meses;;;;;;;
0000151947;40;;;;0 meses;;;;;;;
0000151947;41;;;;0 meses;;;;;;;
0000151947;42;;;;0 meses;;;;;;;
0000151947;43;;;;0 meses;;;;;;;
0000151963;41;;;;12 meses;;;;;;;
0000151963;42;;;;2 meses;;;;;;;
0000152064;24;;;;;;;;;XML;Windows;
0000152064;25;;;;;;;;;XML;Windows;
0000152064;26;;;;;;;;;windows;Powerpoint;
0000152064;27;;;;;;;;;Windows;Htm;
0000152064;28;;;;;;;;;Windows;Htm;
0000152064;29;;;;;;;;;Windows;htm;
0000152064;30;;;;;;;;;;;
0000153796;15;;;;5 meses;;;;;;;
0000153796;16;;;;3 meses;;;;;;;
0000154890;46;;;;;;;;;Win32;;
0000154890;47;;;;;;;;;;;
0000154890;48;;;;;;;;;Multiplataforma (Linux;;
0000154890;49;;;;;;;;;Multiplataforma (Linux;;
0000154890;50;;;;;;;;;Multiplataforma (Linux;;
0000154890;51;;;;;;;;;Multiplataforma (Linux;;
0000154890;52;;;;;;;;;C++;Linux - Windows;
0000154890;53;;;;;;;;;Windows;;
0000154890;54;;;;;;;;;Windows;;
0000154890;55;;;;;;;;;Windows;;
0000154890;56;;;;;;;;;C++;Windows;
0000154890;57;;;;;;;;;;;
0000154890;58;;;;;;;;;DOS;;
0000154890;59;;;;;;;;;;;
0000154890;60;;;;;;;;;Win32;;
0000154890;61;;;;;;;;;;;
0000154890;62;;;;;;;;;;;
0000154890;63;;;;;;;;;;;
0000155144;86;;;;;;;;;;;
0000155144;87;;;;;;;;;;;
0000158135;125;;;;9 meses;;;;;;;
0000158135;126;;;;3 meses;;;;;;;
0000158135;127;;;;24 meses;;;;;;;
0000158135;128;;;;18 meses;;;;;;;
0000158135;129;;;;1 meses;;;;;;;
0000158135;130;;;;12 meses;;;;;;;
0000158135;131;;;;18 meses;;;;;;;
0000158135;132;;;;12 meses;;;;;;;
0000158135;133;;;;;;;;;;;
0000158135;134;;;;;;;;;;;
0000158135;135;NTC1340;;;;;;;;;;
0000158135;136;NTC5001;;;;;;;;;;
0000158135;137;NTC-IEC61000-4-30;;;;;;;;;;
0000158135;138;NTC 5001. CALIDAD DE LA POTENCIA ELECTRICA. LIMITES Y METODOLOGIA DE EVALUACION EN PUNTO DE CONEXION COMUN;;;;;;;;;;
0000164267;116;PLATAFORMA VIRTUAL PARA LA TELEOPERACIÓN DEL ROBOT MOTOMAN MH6-DX100 EN INTERNET;13-38-396;;;;;;;Internet RENATA;Windows - Desarrollo en JAVA;
0000164267;117;Red de información para gestion de producción y manufactura;;;;;;;;Java;Windows;
0000164267;118;Software MAAG.UN 2007;;;;;;;;Labview;Windows en las versiones XP/2000;
0000164267;119;CAM UNIGRAPHICS;;;;;;;;Unigraphics;Windows;
0000164267;120;Software GearQu. UN 2004;;;;;;;;Lab View;Windows;
0000164267;121;Sofware supervisión/IP- UN;;;;;;;;linux;web;
0000164267;122;Software de manufactura experimental CNC;NA;;;;;;;;virtual;
0000164267;123;Sistema SCADA;NA;;;;;;;Labviem;;
0000164267;124;PLATAFORMA DE INTERCOMUNICACIÓN DE MÁQUINAS Y ROBOTS DE MANUFACTURA;RC723;;;;;;;JAVA LABORATORIO REMOTO LABFABEX;WINDOWS;
0000164267;125;SERVICIOS WEB DE MANUFACTURA EN LA NUBE PARA MAQUINAS Y ROBOTS DE MANUFACTURA;RC723;;;;;;;PLAILDOWSTAFORMA DE INTERCOMUNICACIÓN LABFABEX - JAVA;WINDOWS;
0000164267;126;SISTEMA AUTONOMO DE ENSAMBLE SCARA-LIDAR (SADE-UN);1101-715-51855;;;;;;;;;
0000164267;127;Software de control y tele-operación para vehículos de guiado automático;110150227365;;;;;;;PLATAFORMA DE INTERCOMUNICACIÓN LABFABEX - JAVA;Windows;
0000164267;128;Software para teleoperación de máquinas;Contrato de financiamiento 018 de 2007;;;;;;;Servidor con sistema operativo GNU/Linux;Maquina virtual Java versión 6.0 como mínimo;
0000164267;129;Software para el cálculo de la longitud de contacto en engranajes No-involuta;Contrato CF 507 de 2005;;;;;;;Excel y macros Visual basic;NA;
0000164267;130;Asistente de diseño de engranajes de perfil No-involuta;Contrato CF 507 de 2005;;;;;;;Visual basic y Excel;software CAD;
0000164267;131;;;;;;;;;;;
0000164267;132;Máquina para ensayo dinàmico de válvulas;;;;;;;;;;
0000164267;133;;;;;;;;;;;
0000164267;134;Repotenciación de homogenizadora;NA;;;;;;;;;
0000164267;135;Maquina Hoffler EFRS - 630 y UP - 630;NA;;;;;;;;;
0000164267;136;Máquina MAAG;NA;;;;;;;;;
0000164267;137;Reconversión tecnologica;;;;;;;;;;
0000164267;138;Laboratorio de control de calidad de engranajes;Ramfe 200-2002;;;;;;;;;
0000164267;139;Sistema de cangilones y sinfin;NA;;;;;;;;;
0000164267;140;Transportador tamizador de cereales modelo 003;;;;;;;;;;
0000164267;141;Procesador industrial de pasta corta - Rulla modelo 005;NA;;;;;;;;;
0000164267;142;Secador rotatorio para cereales;;;;;;;;;;
0000164267;143;Impresora serigrafica plana;;;;;;;;;;
0000164267;144;Banda de curado UV;;;;;;;;;;
0000164267;145;Termoformadora Industrial Automatizada;;;;;;;;;;
0000164267;146;;;;;;;;;;;
0000164267;147;;;;;;;;;;;
0000164267;148;;;;;;;;;;;
0000164267;149;;000-000;;10 meses;;;;;;;
0000182265;86;;;;4 meses;;;;;;;
0000182265;87;;;;0 meses;;;;;;;
0000182265;88;;Contrato de Empréstito CFA ¿ 5842;;12 meses;;;;;;;
0000182265;89;;;;0 meses;;;;;;;
0000182265;90;;CONTRATO INTERADMINISTRATIVO No. 1-02-26200-0841-2011;;6 meses;;;;;;;
0000182265;91;;;;0 meses;;;;;;;
0000182265;92;;Implementación de las Políticas de Ecourbanismo y Construcción Sostenible en el Distrito Capital;;0 meses;;;;;;;
0000182265;93;;Implementación de las Políticas de Ecourbanismo y Construcción Sostenible en el Distrito Capital;;0 meses;;;;;;;
0000182265;94;;Implementación de las Políticas de Ecourbanismo y Construcción Sostenible en el Distrito Capital;;0 meses;;;;;;;
0000182265;95;;GCG-127 de 2013;;12 meses;;;;;;;
0000182265;96;;925-2009;;3 meses;;;;;;;
0000193151;6;;;;;;;;;Windows;;
0000193151;7;;;;;;;;;Windows;Windows;
0000193151;8;;;;;;;;;;;
0000193151;9;;;;;;;;;;;
0000194417;55;HUMEDAR - I;;;;;;;;;;
0000195731;62;;;;0 meses;;;;;;;
0000195731;63;;;;0 meses;;;;;;;
0000195731;64;;;;0 meses;;;;;;;
0000195731;65;;;;0 meses;;;;;;;
0000195731;66;;;;13 meses;;;;;;;
0000195731;67;;;;0 meses;;;;;;;
0000195731;68;;;;0 meses;;;;;;;
0000195731;69;;;;0 meses;;;;;;;
0000195731;70;;;;0 meses;;;;;;;
0000195731;71;;;;0 meses;;;;;;;
0000195731;72;;Convenio 020 de 2013;;24 meses;;;;;;;
0000195936;28;;Convenio Cormagdalena 033 de 2007;;0 meses;;;;;;;
0000195936;29;;Convenio Cormagdalena 033 de 2007;;0 meses;;;;;;;
0000195936;30;;Convenio Cormagdalena 033 de 2007;;0 meses;;;;;;;
0000195936;31;;Convenio 033 de 2007;;0 meses;;;;;;;
0000195936;32;;Convenio Cormagdalena 033 de 2007;;0 meses;;;;;;;
0000195936;33;;Convenio Cormagdalena 033 de 2007;;0 meses;;;;;;;
0000195936;34;;Convenio Cormagdalena 033 de 2007;;0 meses;;;;;;;
0000195936;35;;Convenio Cormagdalena 033 de 2007;;0 meses;;;;;;;
0000195936;36;;Convenio Cormagdalena 033 de 2007;;0 meses;;;;;;;
0000195936;37;;Convenio Cormagdalena 033 de 2007;;0 meses;;;;;;;
0000195936;38;;Convenio Cormagdalena 038 de 2009;;0 meses;;;;;;;
0000195936;39;;Convenio Cormagdalena 036 de 2007;;0 meses;;;;;;;
0000195936;40;;Convenio Cormagdalena 033 de 2007;;0 meses;;;;;;;
0000195936;41;;Convenio Cormagdalena 038 de 2009;;0 meses;;;;;;;
0000195936;42;;Convenio Cormagdalena 038 de 2009;;0 meses;;;;;;;
0000195936;43;;Convenio Cormagdalena 033 de 2007;;0 meses;;;;;;;
0000195936;44;;Convenio Cormagdalena 033 de 2007;;0 meses;;;;;;;
0000195936;45;;Convenio Cormagdalena 033 de 2007;;0 meses;;;;;;;
0000195936;46;;Convenio Cormagdalena 033 de 2007;;0 meses;;;;;;;
0000195936;47;;Convenio Cormagdalena 033 de 2007;;0 meses;;;;;;;
0000195936;48;;Convenio Cormagdalena 033 de 2007;;0 meses;;;;;;;
0000195936;49;;Convenio Cormagdalena 033 de 2007;;0 meses;;;;;;;
0000195936;50;;Convenio Cormagdalena 038 de 2009;;0 meses;;;;;;;
0000195936;51;;Convenio Cormagdalena 033 de 2007;;0 meses;;;;;;;
0000195936;52;;Convenio Cormagdalena 033 de 2007;;0 meses;;;;;;;
0000195936;53;;Convenio Cormagdalena 038 de 2009;;0 meses;;;;;;;
0000195936;54;;Convenio Cormagdalena 038 de 2009;;0 meses;;;;;;;
0000195936;55;;Convenio Cormagdalena 038 de 2009;;0 meses;;;;;;;
0000195936;56;;Convenio Cormagdalena 038 de 2009;;0 meses;;;;;;;
0000195936;57;;Convenio Cormagdalena 038 de 2009;;0 meses;;;;;;;
0000195936;58;;Convenio Cormagdalena 038 de 2009;;0 meses;;;;;;;
0000195936;59;;Convenio Cormagdalena 033 de 2007;;0 meses;;;;;;;
0000195936;60;;Convenio Cormagdalena 033 de 2007;;0 meses;;;;;;;
0000195936;61;;Convenio Cormagdalena 033 de 2007;;0 meses;;;;;;;
0000195936;62;;Convenio Cormagdalena 038 de 2009;;0 meses;;;;;;;
0000195936;63;;Convenio Cormagdalena 038 de 2009;;0 meses;;;;;;;
0000195936;64;;Convenio Cormagdalena 038 de 2009;;0 meses;;;;;;;
0000195936;65;;Convenio Cormagdalena 033 de 2007;;0 meses;;;;;;;
0000195936;66;;Convenio Cormagdalena 038 de 2009;;0 meses;;;;;;;
0000195936;67;;Convenio Cormagdalena 038 de 2009;;0 meses;;;;;;;
0000195936;68;;Convenio CVS 059 de 2010;;0 meses;;;;;;;
0000195936;69;;Convenio Cormagdalena 033 de 2007;;0 meses;;;;;;;
0000195936;70;;Convenio Cormagdalena 033 de 2007;;0 meses;;;;;;;
0000195936;71;;Convenio Cormagdalena 033 de 2007;;0 meses;;;;;;;
0000195936;72;;Convenio Cormagdalena 033 de 2007;;0 meses;;;;;;;
0000195936;73;;Convenio Cormagdalena 033 de 2007;;0 meses;;;;;;;
0000195936;74;;Convenio Cormagdalena 033 de 2007;;0 meses;;;;;;;
0000195936;75;;Convenio CVS 059 de 2010;;0 meses;;;;;;;
0000195936;76;;Convenio CVS 059 de 2010;;0 meses;;;;;;;
0000195936;77;;Convenio CVS 059 de 2010;;0 meses;;;;;;;
0000195936;78;;Convenio 059 de 2010;;0 meses;;;;;;;
0000195936;79;;Convenio CVS 059 de 2010;;0 meses;;;;;;;
0000195936;80;;Convenio Cormagdalena 038 de 2009;;0 meses;;;;;;;
0000195936;81;;Convenio Cormagdalena 033 de 2007;;0 meses;;;;;;;
0000195936;82;;Convenio Cormagdalena 033 de 2007;;0 meses;;;;;;;
0000195936;83;;Convenio Cormagdalena 033 de 2007;;0 meses;;;;;;;
0000195936;84;;Convenio CVS 059 de 2010;;0 meses;;;;;;;
0000195936;85;;Convenio Cormagdalena 033 de 2007;;0 meses;;;;;;;
0000195936;86;;Convenio Cormagdalena 036 de 2007;;0 meses;;;;;;;
0000195936;87;;Convenio CVS 059 de 2010;;0 meses;;;;;;;
0000195936;88;;Convenio CVS 058 de 2010;;0 meses;;;;;;;
0000195936;89;;Convenio Cormagdalena 038 de 2009;;0 meses;;;;;;;
0000195936;90;;Convenio 033 de 2007;;0 meses;;;;;;;
0000195936;91;;Convenio Cormagdalena 036 de 2007;;0 meses;;;;;;;
0000195936;92;;Convenio Cormagdalena 033 de 2007;;0 meses;;;;;;;
0000195936;93;;Convenio Cormagdalena 033 de 2007;;0 meses;;;;;;;
0000195936;94;;Convenio Cormagdalena 033 de 2007;;0 meses;;;;;;;
0000195936;95;;Convenio Cormagdalena 033 de 2007;;0 meses;;;;;;;
0000195936;96;;Convenio Cormagdalena 033 de 2007;;0 meses;;;;;;;
0000195936;97;;Convenio Cormagdalena 033 de 2007;;0 meses;;;;;;;
0000195936;98;;Convenio Cormagdalena 033 de 2007;;0 meses;;;;;;;
0000195936;99;;Convenio Cormagdalena 033 de 2007;;0 meses;;;;;;;
0000195936;100;;Convenio Cormagdalena 033 de 2007;;0 meses;;;;;;;
0000195936;101;;Convenio Cormagdalena 033 de 2007;;0 meses;;;;;;;
0000195936;102;;Convenio Cormagdalena 033 de 2007;;0 meses;;;;;;;
0000195936;103;;Convenio Cormagdalena 038 de 2009;;0 meses;;;;;;;
0000195936;104;;Convenio Cormagdalena 038 de 2009;;0 meses;;;;;;;
0000195936;105;;Convenio Cormagdalena 038 de 2009;;0 meses;;;;;;;
0000195936;106;;Convenio Cormagdalena 033 de 2007;;0 meses;;;;;;;
0000195936;107;;Convenio Cormagdalena 033 de 2007;;0 meses;;;;;;;
0000195936;108;;Convenio Cormagdalena 038 de 2009;;0 meses;;;;;;;
0000195936;109;;Convenio Cormagdalena 038 de 2009;;0 meses;;;;;;;
0000195936;110;;Convenio CVS 059 de 2010;;0 meses;;;;;;;
0000195936;111;;Convenio Cormagdalena 038 de 2009;;0 meses;;;;;;;
0000195936;112;;Convenio CVS 059 de 2010;;0 meses;;;;;;;
0000195936;113;;Convenio CVS 059 de 2010;;0 meses;;;;;;;
0000195936;114;;Convenio Cormagdalena 033 de 2007;;0 meses;;;;;;;
0000195936;115;;Convenio CVS 059 de 2010;;0 meses;;;;;;;
0000195936;116;;Convenio Cormagdalena 038 de 2009;;0 meses;;;;;;;
0000195936;117;;Convenio Cormagdalena 038 de 2009;;0 meses;;;;;;;
0000195936;118;;Convenio Cormagdalena 033 de 2007;;0 meses;;;;;;;
0000195936;119;;Convenio Cormagdalena 033 de 2007;;0 meses;;;;;;;
0000195936;120;;Convenio Cormagdalena 033 de 2007;;0 meses;;;;;;;
0000195936;121;;Convenio Cormagdalena 033 de 2007;;0 meses;;;;;;;
0000195936;122;;Convenio Cormagdalena 033 de 2007;;0 meses;;;;;;;
0000195936;123;;Convenio Cormagdalena 033 de 2007;;0 meses;;;;;;;
0000195936;124;;Convenio Cormagdalena 033 de 2007;;0 meses;;;;;;;
0000195936;125;;Convenio Cormagdalena 036 de 2007;;0 meses;;;;;;;
0000195936;126;;Convenio Cormagdalena 033 de 2007;;0 meses;;;;;;;
0000195936;127;;Convenio Cormagdalena 033 de 2007;;0 meses;;;;;;;
0000198846;12;;;;;;;;;;;
0000198846;13;;;;;;;;;;;
0000203556;6;;;;meses;;;;;;;
0000203556;7;;;;6 meses;;;;;;;
0000203556;8;;;;6 meses;;;;;;;
0000203556;9;;20100006;;10 meses;;;;;;;
0000203556;10;;;;6 meses;;;;;;;
0000208990;23;;;;;;;;;Windows;Windows;
0000208990;24;;;;;;;;;;;
0000208990;25;;;;;;;;;;;
0000208990;26;;;;;;;;;;;
0000208990;27;;;;;;;;;;;
0000208990;28;;;;;;;;;;;
0000208990;29;;;;36 meses;;;;;;;
0000208990;30;;;;30 meses;;;;;;;
0000208990;31;;;;30 meses;;;;;;;
0000208990;32;;;;12 meses;;;;;;;
0000208990;33;;;;10 meses;;;;;;;
0000209678;43;Calculator for Frequent Milling Operations;;;;;;;;;;
0000209678;44;UNCORTE;;;;;;;;C++ Builder;Windows 95/98/XP;
0000209678;45;Sel_UN_Metal;;;;;;;;Visual Basic;Windows 98;
0000209678;46;Theoretical roughness profile in cylindrical turning;;;;;;;;;;
0000212350;39;;;;6 meses;;;;;;;
0000212350;40;;;;9 meses;;;;;;;
0000212350;41;;;;3 meses;;;;;;;
0000212350;42;;;;3 meses;;;;;;;
0000221996;53;;;;;;;;;;;
0000221996;54;;;;;;;;;;;
0000221996;55;;;;;;;;;;;
0000221996;56;;;;;;;;;;;
0000221996;57;;;;;;;;;;;
0000221996;58;;;;;;;;;;;
0000221996;59;;;;;;;;;;;
0000221996;60;;;;;;;;;;;
0000221996;61;;Patente;;;;;;;;;
0000224596;20;;;;;;;;;Linux;X;
0000224596;21;;;;;;;;;Multiplataforma;;
0000226130;21;Hettmanns;;;;;;;;Java;Linux y Windows;
0000226130;22;;;;;;;;;;;
0000226130;23;;;;;;;;;;;
0000229784;115;INFORME FINAL - UNIFICACIÓN Y ESTANDARIZACIÓN DEL USO DE EQUIPOS DE MEDICIÓN DE OPACIDAD DE HUMOS (OPACIMETROS) EN VEHÍCULOS DIESEL;Convenio interadministrativo 068 de 2007;;8 meses;;;;;;;
0000229784;116;REVISIÓN Y MODIFICACIÓN DE PROCEDIMIENTOS DE AUDITORÍA;Convenio interadministrativo 045 de 2008;;8 meses;;;;;;;
0000229784;117;INFORME FINAL VIGENCIA 1 - REVISIÓN Y MODIFICACIÓN DE PROCEDIMIENTOS DE AUDITORÍA;Convenio interadministrativo 045 de 2008;;8 meses;;;;;;;
0000229784;118;;World Bank Project Contract PO7159535;;8 meses;;;;;;;
0000229784;119;SEGUNDO EJERCICIO DE AUDITORIA E PARA EL MUESTREO Y DETERMINACIÓN DE EMISIONES GENERADAS POR FUENTES FIJAS;CONVENIO DE COOPERACIÓN CIENTÍFICA Y TECNOLÓGICA 004/2008 CELEBRADO ENTRE EL IDEAM Y LA UNIVERSIDAD NACIONAL DE COLOMBIA;;8 meses;;;;;;;
0000229784;120;CONVENIO DE COOPERACIÓN CIENTÍFICA Y TECNOLÓGICA 004/2008 CELEBRADO ENTRE EL IDEAM Y LA UNIVERSIDAD NACIONAL DE COLOMBIA;CONVENIO DE COOPERACIÓN CIENTÍFICA Y TECNOLÓGICA 004/2008 CELEBRADO ENTRE EL IDEAM Y LA UNIVERSIDAD NACIONAL DE COLOMBIA;;8 meses;;;;;;;
0000229784;121;RECOMENDACIONES Y OBSERVACIONES AL PROTOCOLO PARA EL CONTROL Y VIGILANCIA DE LA CONTAMINACIÓN ATMOSFÉRICA POR FUENTES FIJAS;CONVENIO DE COOPERACIÓN CIENTÍFICA Y TECNOLÓGICA 004/2008 CELEBRADO ENTRE EL IDEAM Y LA UNIVERSIDAD NACIONAL DE COLOMBIA;;8 meses;;;;;;;
0000229784;122;CONVENIO DE COOPERACIÓN CIENTÍFICA Y TECNOLÓGICA 004/2008 CELEBRADO ENTRE EL IDEAM Y LA UNIVERSIDAD NACIONAL DE COLOMBIA;CONVENIO DE COOPERACIÓN CIENTÍFICA Y TECNOLÓGICA 004/2008 CELEBRADO ENTRE EL IDEAM Y LA UNIVERSIDAD NACIONAL DE COLOMBIA;;8 meses;;;;;;;
0000229784;123;PROTOCOLO DE AUDITORIA EN CAMPO PARA LA MEDICION DE EMISIONES GENERADAS POR FUENTES FIJAS;CONVENIO DE COOPERACIÓN CIENTÍFICA Y TECNOLÓGICA 004/2008 CELEBRADO ENTRE EL IDEAM Y LA UNIVERSIDAD NACIONAL DE COLOMBIA;;0 meses;;;;;;;
0000229784;124;PROTOCOLO DE AUDITORIA EN CAMPO PARA LA MEDICION DE EMISIONES GENERADAS POR FUENTES FIJAS;CONVENIO DE COOPERACIÓN CIENTÍFICA Y TECNOLÓGICA 004/2008 CELEBRADO ENTRE EL IDEAM Y LA UNIVERSIDAD NACIONAL DE COLOMBIA;;8 meses;;;;;;;
0000229784;125;CONVENIO DE COOPERACIÓN CIENTÍFICA Y TECNOLÓGICA 003/2007 CELEBRADO ENTRE EL IDEAM Y LA UNIVERSIDAD NACIONAL DE COLOMBIA;CONVENIO DE COOPERACIÓN CIENTÍFICA Y TECNOLÓGICA 003/2007 CELEBRADO ENTRE EL IDEAM Y LA UNIVERSIDAD NACIONAL DE COLOMBIA;;8 meses;;;;;;;
0000229784;126;ELABORACIÒN DE LAS TITULACIONES ASISTENCIA Y SUPERVISION PARA MUESTREO DE EMISIONES EN FUENTES FIJAS;CONVENIO DE COOPERACIÓN CIENTÍFICA Y TECNOLÓGICA 004/2008 CELEBRADO ENTRE EL IDEAM Y LA UNIVERSIDAD NACIONAL DE COLOMBIA;;8 meses;;;;;;;
0000229784;127;Taller en Medición de Emisiones generadas Fuentes Fijas y Aseguramiento en la Calidad de las Mediciones;CONVENIO DE COOPERACIÓN CIENTÍFICA Y TECNOLÓGICA 004/2008 CELEBRADO ENTRE EL IDEAM Y LA UNIVERSIDAD NACIONAL DE COLOMBIA;;8 meses;;;;;;;
0000231045;89;PEFiCA ¿ Programa de elementos finitos a código abierto versión 1.0;Certificado de registro de soporte lógico de la Dirección Nacional de Derechos de Autor: Libro 13;;;;;;;Windows;;
0000231045;90;EULER. Programa Didáctico de Elementos Finitos versión 1.0;Libro 13;;;;;;;windows;windows;
0000231045;91;ESTRUN. Programa Didáctico de Estructuras;;;;;;;;windows;windows;
0000249360;52;;;;;;;;;;;
0000249360;53;;;;6 meses;;;;;;;
0000249360;54;;;;6 meses;;;;;;;
0000249360;55;;;;6 meses;;;;;;;
0000249360;56;;;;2 meses;;;;;;;
0000249360;57;;;;6 meses;;;;;;;
0000249360;58;;;;6 meses;;;;;;;
0000249360;59;;;;6 meses;;;;;;;
0000249360;60;;;;0 meses;;;;;;;
0000249360;61;;;;0 meses;;;;;;;
0000249360;62;;;;0 meses;;;;;;;
0000249670;51;;Resolución de la Presidencia Ejecutiva de CAF N° 6;;12 meses;;;;;;;
0000249670;52;;474 de 2016;;0 meses;;;;;;;
0000249670;53;;069 DEL 22 DE ENERO DE 2014;;0 meses;;;;;;;
0000252158;21;;;;;;;;;Windows 98;Gráfico;
0000252158;22;Geomodel;;;;;;;;Windows 98;Gráfico;
0000252158;23;;069;;0 meses;;;;;;;
0000252158;24;;5842;;0 meses;;;;;;;
0000260886;38;;;;5 meses;;;;;;;
0000260886;39;;;;3 meses;;;;;;;
0000260886;40;;;;;;;;;;;
0000260886;41;;;;;;;;;;;
0000266930;7;;;;;;;;;algoritmos genéticos;varios;
0000266930;8;IMAGEREC;;;;;;;;;;
0000274917;40;;;;;;;;;;;
0000274917;41;;;;;;;;;;;
0000290262;93;;;;3 meses;;;;;;;
0000293075;10;;;;;;;;;Oracle;Windows NT;
0000293075;11;;;;;;;;;ARCINFO;WINDOWS;
0000296902;113;;;;;;;;;;;
0000296902;114;Aplicación Algoritmos ruta más corta;;;;;;;;;;
0000296902;115;;;;;;;;;;;
0000296902;116;;;;;;;;;;;
0000296902;117;;;;;;;;;;;
0000296902;118;Aplicación firmas digitales y cifrado distribución Web Service;;;;;;;;;;
0000296902;119;;;;;;;;;;;
0000296902;120;Software Calculadora IP;;;;;;;;;;
0000296902;121;;;;;;;;;;;
0000296902;122;;;;;;;;;;;
0000296902;123;Software Demostrativo para la generación de tablas de Routing;;;;;;;;;;
0000296902;124;Aplicación Sip con Streaming de audios y video;;;;;;;;;;
0000296902;125;;;;;;;;;;;
0000296902;126;;;;;;;;;;;
0000296902;127;Software Desarrollo de una herramienta para la simulación de ataque;;;;;;;;;;
0000296902;128;;;;;;;;;;;
0000296902;129;Software Aplicación Algoritmo de optimización de polígonos;;;;;;;;;;
0000296902;130;Software Aplicación que permite seleccionar una figura y dibujarla en un lienzo;;;;;;;;;;
0000296902;131;Software Aplicación que simula una maquina de enigma;;;;;;;;;;
0000296902;132;;;;;;;;;;;
0000318191;81;Protocolo papa criolla;Convenio SCDE 015 de 2010;;0 meses;;;;;;;
0000318191;82;Protocolo Uchuva;Resolución 381 de marzo de 2009;;0 meses;;;;;;;
0000318191;83;Protocolo Granadilla;Resolución 381 de marzo de 2009;;0 meses;;;;;;;
0000318191;84;Protocolo helecho;Convenio SCDE 018 de 2009;;0 meses;;;;;;;
0000318191;85;Proyecto Bolsa Nacional Agropecuaria;Contrato No. 2009-01-05B;;3 meses;;;;;;;
0000318191;86;Protocolo Ruscus;Convenio SCDE 018 de 2009;;0 meses;;;;;;;
0000318191;87;Protocolo gulupa;Convenio SCDE 018 de 2009;;0 meses;;;;;;;
0000318191;88;Protocolo Albahaca;Resolución 381 de marzo de 2009;;0 meses;;;;;;;
0000318191;89;Protocolo Romero;Resolución 381 de marzo de 2009;;0 meses;;;;;;;
0000318191;90;Protocolo Cebollín;Resolución 381 de marzo de 2009;;0 meses;;;;;;;
0000322938;39;;;;;;;;;;;
0000322938;40;;;;;;;;;;;
0000322938;41;;;;;;;;;;;
0000322938;42;;Convenio Interadministrativo MADS-UN No. 338 de 2015;;9 meses;;;;;;;
0000322938;43;SINEX;;;11 meses;;;;;;;
0000322938;44;;033/2013;;0 meses;;;;;;;
0000322938;45;;CONVENIO INTERAD. 088/2008 UN-CORTOLIMA;;12 meses;;;;;;;
0000322938;46;;033/2007;;18 meses;;;;;;;
0000322938;47;;convenio interadministrativo No. 336/2011 UN-DNP;;12 meses;;;;;;;
0000322938;48;;;;;;;;;;;
0000323594;68;ERAPSI;;;;;;;;;;
0000323594;69;FRAPSI;;;;;;;;;;
0000323594;70;CEPA;;;;;;;;;;
0000323594;71;CPB-62;;;;;;;;;;
0000323594;72;EHS;;;;;;;;;;
0000323594;73;GPSS;;;;;;;;;;
0000323594;74;HAA-Cg;;;;;;;;;;
0000323594;75;GRCS;;;;;;;;;;
0000323594;76;MIS;;;;;;;;;;
0000323594;77;CPB-31A;;;;;;;;;;
0000323594;78;PCC;;;;;;;;;;
0000323594;79;REAL FACT;;;;;;;;;;
0000323594;80;CPB-31B;;;;;;;;;;
0000323594;81;RCS-Pasto;;;;;;;;;;
0000323594;82;SPA-DFV;;;;;;;;;;
0000323594;83;RCS-La Unión (N);;;;;;;;;;
0000323594;84;RCS-Tumaco;;;;;;;;;;
0000323594;85;DEU-Pr;;;;;;;;;;
0000323594;86;RCS-Ipiales;;;;;;;;;;
0000323594;87;DEU-VG;;;;;;;;;;
0000323594;88;HAA-CC;;;;;;;;;;
0000323594;89;HAA-Cd;;;;;;;;;;
0000323594;90;DEU-Pt;;;;;;;;;;
0000343838;182;BIGS;IF-011-09;;;;;;;;;
0000343838;183;BiMed;IF-004-07;;;;;;;;;
0000343854;20;;;;;;;;;Windows NT;Windows NT;
0000343854;21;;;;;;;;;Independiente;;
0000343854;22;SICI;;;;;;;;;;
0000343854;23;;;;;;;;;Independiente;;
0000343854;24;;;;;;;;;x86;Windows;
0000343854;25;;;;;;;;;x86;Windows;
0000343854;26;;;;;;;;;x86;Windows;
0000343854;27;;;;;;;;;Java;Internet;
0000343854;28;;;;;;;;;Java;Internet;
0000343854;29;;;;;;;;;Java;Internet;
0000343854;30;;;;;;;;;Java;Internet;
0000343854;31;;;;;;;;;Java;Internet;
0000343854;32;;;;;;;;;x86;Windows;
0000343854;33;;;;;;;;;x86;Windows;
0000343854;34;;;;;;;;;x86;Windows;
0000343854;35;;;;;;;;;x86;Windows;
0000343854;36;;;;;;;;;x86;Windows;
0000343854;37;;;;;;;;;x86;Windows;
0000343854;38;;;;;;;;;x86;Windows;
0000343854;39;;;;;;;;;x86;Windows;
0000343854;40;;;;;;;;;x86;Windows;
0000343854;41;;;;;;;;;x86;Windows;
0000343854;42;;;;;;;;;x86;Windows;
0000343854;43;;;;;;;;;Windows NT;Windows NT;
0000343854;44;;;;;;;;;IRIX (X11/Motif);IRIX (X11/Motif);
0000343854;45;Plataforma Virtual para la Teleoperación del Robot Motoman MH6-DX100 en Internet;34316932;;;;;;;Independiente;Independiente;
0000343854;46;;;;;;;;;;;
0000348252;132;Carboxylic acid recovery and methods related thereto;US Patent 8293935 B2;;;;;;;;;
0000348252;133;;;;;;;;;;;
0000348252;134;;;;;;;;;;;
0000348252;135;;;;;;;;;;;
0000348252;136;;;;;;;;;;;
0000348252;137;;;;;;;;;;;
0000348252;138;;830136878-5;;;;;;;;;
0000348252;139;;900882944-6;;;;;;;;;
0000375128;62;;;;;;;;;;;
0000375128;63;;;;;;;;;;;
0000375128;64;;;;;;;;;;;
0000375128;65;;;;;;;;;;;
0000375128;66;;;;;;;;;;;
0000375128;67;;;;;;;;;;;
0000375128;68;;Consultoría Estrategia CTI;;8 meses;;;;;;;
0000375128;69;;Consultoría Bus 01;;3 meses;;;;;;;
0000375128;70;;Servicio 2014;;8 meses;;;;;;;
0000375128;71;;Contrato 2014;;0 meses;;;;;;;
0000375128;72;;001 2015;;4 meses;;;;;;;
0000375128;73;;Servicio 2014;;3 meses;;;;;;;
0000375128;74;;Contrato 2014;;0 meses;;;;;;;
0000375128;75;;Contrato 2014;;3 meses;;;;;;;
0000375128;76;;Servicio 2014;;3 meses;;;;;;;
0000375128;77;EPSA S.A. E.S.P;CONTRATO EPSA 2012;;3 meses;;;;;;;
0000375128;78;;Contrato 2012;;6 meses;;;;;;;
0000375128;79;;CONTRATO 2012;;4 meses;;;;;;;
0000375128;80;;CONTRATO 2012;;4 meses;;;;;;;
0000375128;81;;Contrato 2013;;27 meses;;;;;;;
0000375128;82;;Contrato 2013;;24 meses;;;;;;;
0000375128;83;;Contrato 2013;;4 meses;;;;;;;
0000375128;84;;Contrato 2013;;4 meses;;;;;;;
0000375128;85;;Contrato 2013;;2 meses;;;;;;;
0000375128;86;;Contrato 2013;;3 meses;;;;;;;
0000375128;87;;No Contrato;;6 meses;;;;;;;
0000375128;88;;Contrato 2016;;5 meses;;;;;;;
0000375128;89;;;;45 meses;;;;;;;
0000375128;90;;Contrato 2015;;0 meses;;;;;;;
0000375128;91;;Contrato 2015;;0 meses;;;;;;;
0000375128;92;;Contrato 2016;;0 meses;;;;;;;
0000375128;93;;0023;;4 meses;;;;;;;
0000375128;94;;Contrato 2017;;4 meses;;;;;;;
0000375128;95;;Contrato 2017;;30 meses;;;;;;;
0000375128;96;;Contrato 2017;;24 meses;;;;;;;
0000375128;97;;Contrato 2017;;3 meses;;;;;;;
0000375128;98;;002 2015;;3 meses;;;;;;;
0000375128;99;;005 2015;;3 meses;;;;;;;
0000375128;100;;004 2015;;1 meses;;;;;;;
0000375128;101;;Contrato 2014;;3 meses;;;;;;;
0000375128;102;;Contrato 2014;;3 meses;;;;;;;
0000375128;103;;Contrato 2016;;0 meses;;;;;;;
0000375128;104;;Contrato 2015;;0 meses;;;;;;;
0000375128;105;;CONTRATO 2012;;3 meses;;;;;;;
0000375128;106;;Contrato 2013;;13 meses;;;;;;;
0000375128;107;;Contrato 2013;;27 meses;;;;;;;
0000375128;108;;Contrato 2013;;24 meses;;;;;;;
0000401439;151;;;;;;;;;DOS/C++;;
0000401439;152;;;;;;;;;DOS/C++;;
0000401439;153;;;;;;;;;DOS/C++;;
0000401439;154;;ATN/JF-10916-GY;;12 meses;;;;;;;
0000401439;155;;GPCUB05001;;6 meses;;;;;;;
0000401439;156;;ATN/OC-10796-CO;;12 meses;;;;;;;
0000401439;157;;CO-T1052;;0 meses;;;;;;;
0000404837;51;;;;;;;;;DOS/C++;;
0000404837;52;;;;;;;;;DOS/C++;;
0000404837;53;;;;;;;;;DOS/C++;;
0000404837;54;;;;;;;;;;;
0000405833;23;;;;;;;;;Windows;Windows;
0000405833;24;;;;;;;;;Windows;Windows;
0000405833;25;;;;;;;;;Matlab 13;Windows;
0000405833;26;;;;;;;;;;;
0000405833;27;;;;;;;;;;;
0000405833;28;;;;;;;;;;;
0000405833;29;;;;6 meses;;;;;;;
0000406759;71;DORH- Diseño Óptimo de Resortes Helicoidales;No posee;;;;;;;;;
0000406759;72;Toberas convergentes-divergentes 1.0;No posee;;;;;;;Archivo ejecutable;;
0000406759;73;Simulacion Ciclo Otto;No contiene;;;;;;;Archivo ejecutable;;
0000406759;74;Compresores de dos etapas;No posee;;;;;;;archivo ejecutable;;
0000406759;75;;AIMUN 002;;4 meses;;;;;;;
0000407984;43;;NA;;;;;;;;;
0000407984;44;;NA;;;;;;;;;
0000407984;45;;NA;;;;;;;CPU-GPU;;
0000407984;46;SOFTWARE PARA LA BÚSQUEDA DE PATRONES DE AUDIO MEDIANTE TARJETAS GRÁFICAS Y CPUS EN LINUX;NA;;;;;;;CPU-GPU;;
0000408379;21;CTZE;;;;;;;;Matlab;;
0000408379;22;UN GONIO V1.0.;;;;;;;;Labview;;
0000408379;23;FDCT;;;;;;;;Matlab;;
0000408379;24;UDECLAB 1.0;;;;;;;;;Windows;
0000409421;2;;;;;;;;;Windows;Grafico;
0000409421;3;;;;;;;;;Windows;Grafico;
0000409421;4;;;;;;;;;;;
0000418552;68;MÁQUINA DE LOS ÁNGELES AUTOMATIZADA;;;;;;;;;;
0000418552;69;Consolidómetro de Brazo;;;;;;;;;;
0000418552;70;;;;;;;;;;;
0000418552;71;;;;;;;;;;;
0000418552;72;;;;;;;;;;;
0000418552;73;;;;;;;;;;;
0000418552;74;;Contrato 0012;;2 meses;;;;;;;
0000418552;75;;N/A;;1 meses;;;;;;;
0000418790;4;Evaluación Técnica de las Empresas que se postulan al Premio Colombiano a la Innovación Tecnológica Empresarial para Mipymes INNOVA 2008;Contrato Inter Administrativo 081 de 2008 celebrado entre Universidad NAcional de Colombia y Ministerio de Comercio Industria y Turismo;;1 meses;;;;;;;
0000418790;5;;Contrato de Consultoría 011 de mayo 28 de 2007;;3 meses;;;;;;;
0000418790;6;;Convenio de Ciencia y Tecnologia N¿ 273-2013;;12 meses;;;;;;;
0000418790;7;;;;0 meses;;;;;;;
0000418790;8;;;;0 meses;;;;;;;
0000418790;9;;;;0 meses;;;;;;;
0000418790;10;;;;1 meses;;;;;;;
0000418790;11;Evaluación Técnica de las Empresas que se postulan al Premio Colombiano a la Innovación Tecnológica Empresarial para Mipymes INNOVA 2009;Contrato Inter Administrativo 081 de 2009 celebrado entre Universidad Nacional de Colombia y Ministerio de Comercio Industria y Turismo;;1 meses;;;;;;;
0000433004;9;;;;;;;;;;;
0000433004;10;;;;;;;;;;;
0000433004;11;;;;;;;;;;;
0000433004;12;;;;;;;;;;;
0000433004;13;;;;;;;;;;;
0000433004;14;;;;;;;;;;;
0000433004;15;;;;;;;;;;;
0000433004;16;;;;;;;;;;;
0000433004;17;;;;;;;;;;;
0000433004;18;;;;;;;;;;;
0000433004;19;;;;;;;;;;;
0000433004;20;;;;;;;;;;;
0000433004;21;;;;;;;;;;;
0000433004;22;;;;;;;;;;;
0000433004;23;;;;;;;;;;;
0000433004;24;;;;;;;;;;;
0000433004;25;;;;;;;;;;;
0000433004;26;;;;;;;;;;;
0000433004;27;;;;;;;;;;;
0000433004;28;;;;;;;;;;;
0000433004;29;;;;;;;;;;;
0000433004;30;;;;;;;;;;;
0000433004;31;;;;;;;;;;;
0000449695;43;PGUN;;;;;;;;Matlab;Windows;
0000463388;80;;;;;;;;;Se ejecuta en Java desde cualquier sistema operativo con JRE.;Java-JRE;
0000463388;81;;;;;;;;;;;
0000471801;52;;;;;;;;;;;
0000471801;53;;;;48 meses;;;;;;;
0000471801;54;;;;36 meses;;;;;;;
0000471801;55;;;;0 meses;;;;;;;
0000471801;56;;;;12 meses;;;;;;;
0000471801;57;;;;0 meses;;;;;;;
0000471801;58;;Convenio interadministrativo No. 11 de 2005;;12 meses;;;;;;;
0000471801;59;;;;0 meses;;;;;;;
0000471801;60;;;;0 meses;;;;;;;
0000471801;61;;Convenio Interadministrativo Específico de Cooperación No. 1821-2011;;0 meses;;;;;;;
0000471801;62;;Contrato de prestación de servicios N° 82 de 2005;;12 meses;;;;;;;
0000479063;4;;;;;;;;;;;
0000480231;96;;;;0 meses;;;;;;;
0000486388;58;BigSurvey;;;;;;;;;;
0000486388;59;BigPet;;;;;;;;;;
0000486388;60;BigInvoice;;;;;;;;;;
0000486388;61;Close to you;;;;;;;;Android y web.;;
0000486388;62;LINK 360;;;;;;;;;;
0000486388;63;BiMed;1101393199;;;;;;;JBoss;Linux y Java;
0000486388;64;;;;;;;;;;;
0000486388;65;;;;;;;;;;;
0000486388;66;;900511868-3;;;;;;;;;
0000486388;67;;:13887;Marca Mixta - BIGDATA, En Colombia, 2013 Registro:13887,  Titular: BIGDATA SOLUTIONS S.A.S;;;;;;;;
0000499625;43;PicoHard versión 1.0;A-345-2013;;;;;;;;;
0000499625;44;Software IRIS versión 1.0;13-34-484;;;;;;;;;
0000505013;37;;;;;;;;;;;
0000505013;38;;;;;;;;;;;
0000505013;39;;;;7 meses;;;;;;;
0000505013;40;;;;;;;;;;;
0000505013;41;;;;;;;;;;;
0000516708;25;;;;;;;;;;;
0000553557;5;;;;;;;;;Excel;Windows;
0000553557;6;;;;;;;;;;;
0000553557;7;;;;;;;;;;;
0000553557;8;;;;;;;;;;;
0000553557;9;;;;;;;;;;;
0000553557;10;Natural Saver;;;;;;;;;;
0000553557;11;;;;;;;;;;;
0000553557;12;;;;;;;;;;;
0000553557;13;;;;;;;;;;;
0000553557;14;;;;;;;;;;;
0000559105;28;PRISMMATIC;;;;;;;;SE ejecuta como programa bajo el software Matlab R13 de Mathworks;Windows;
0000559105;29;;;;;;;;;MATLAB R13;WINDOWS;
0000559105;30;AGT;13-24-411;;;;;;;MATLAB;WINDOWS;
0000559105;31;SIMUNROBOT;13-24-246;;;;;;;;LINUX 9.04;
0000576794;25;;040/2012;;4 meses;;;;;;;
0000576794;26;;1570;;3 meses;;;;;;;
0000576794;27;;1437;;3 meses;;;;;;;
0000584223;32;;;;;;;;;HTM;;
0000584223;33;Distribucion potencial Dicksonia sellowiana;;;;;;;;;;
0000584223;34;Distribucion potencial Centronia mutisii;;;;;;;;;;
0000584223;35;;;;5 meses;;;;;;;
0000584223;36;;784/09;;10 meses;;;;;;;
0000639508;39;;;;;;;;;Oracle;Unix;
0000639508;40;;;;;;;;;Acces;Windows NT;
0000639508;41;;;;;;;;;Oracle;UNIX;
0000658553;7;;;;;;;;;;;
0000658553;8;Placa de presión;;;;;;;;;;
0000658553;9;Calentador de bloques;;;;;;;;;;
0000689696;22;;;;;;;;;matlab;;
0000689696;23;;;;;;;;;programa en conjunto entre matlab;;
0000689696;24;;;;;;;;;aspen plus;;
0000689696;25;;;;;;;;;matlab;;
0000747122;46;;;;;;;;;;;
0000747998;36;Celda Seleccionadora;13-31-271;;;;;;;Visual Buider;Labview;
0000747998;37;PROGRAMA DIDÁCTICO: ROBOT MANIPULADOR 6R;13-29-179;;;;;;;;;
0000812927;1;;;;;;;;;Windows;Borland Delphi;
0000833495;7;;;;;;;;;;;
0000871478;101;;;;;;;;;;;
0000912115;27;;900877927 - 0;;;;;;;;;
0000941263;9;;;;;;;;;dfjgvns.;sdvj.fnv;
0000953423;1;;;;18 meses;;;;;;;
0000953423;2;Tesis de maestria;;;16 meses;;;;;;;
0000987360;15;k3os;;;;;;;;;;
0001062581;37;;;;;;;;;;;
0001069810;18;;;;0 meses;;;;;;;
0001069810;19;;;;0 meses;;;;;;;
0001085468;32;;;;;;;;;;;
0001128345;4;;;;;;;;;;;
0001194267;33;;;;0 meses;;;;;;;
0001223453;34;;165-2006;;0 meses;;;;;;;
0001223453;35;;CPS;;0 meses;;;;;;;
0001223453;36;;021-2012;;0 meses;;;;;;;
0001223453;37;;19-6-0114-0-2013;;0 meses;;;;;;;
0001223453;38;;798-2013;;0 meses;;;;;;;
0001223453;39;;012-2006;;0 meses;;;;;;;
0001223453;40;;CPS;;0 meses;;;;;;;
0001223453;41;;SPC 035 2006;;0 meses;;;;;;;
0001223453;42;;CPS;;0 meses;;;;;;;
0001223453;43;;001-2013;;0 meses;;;;;;;
0001223453;44;;066-2008;;0 meses;;;;;;;
0001223453;45;;089-2007;;0 meses;;;;;;;
0001223453;46;;729-2005;;0 meses;;;;;;;
0001223453;47;;013-99;;0 meses;;;;;;;
0001223453;48;;04-2008 /32-2009/29-2010/35-2011;;0 meses;;;;;;;
0001223453;49;;CPS;;0 meses;;;;;;;
0001223453;50;;362-2012;;0 meses;;;;;;;
0001223453;51;;069-2011;;0 meses;;;;;;;
0001223453;52;;119-2008;;0 meses;;;;;;;
0001223453;53;;047-2000/033-2001;;0 meses;;;;;;;
0001223453;54;;;;0 meses;;;;;;;
0001223453;55;;944 - 2009;;0 meses;;;;;;;
0001223453;56;;0012-2006;;0 meses;;;;;;;
0001223453;57;;CPS;;0 meses;;;;;;;
0001223453;58;;004-2005;;0 meses;;;;;;;
0001223453;59;;006-2000/011-2000;;0 meses;;;;;;;
0001223453;60;;001-2013;;0 meses;;;;;;;
0001223453;61;;037-2013;;0 meses;;;;;;;
0001223453;62;;045-2008;;0 meses;;;;;;;
0001223453;63;;CPS;;0 meses;;;;;;;
0001223453;64;;CPS;;0 meses;;;;;;;
0001223453;65;;CPS;;0 meses;;;;;;;
0001223453;66;;CPS;;0 meses;;;;;;;
0001223453;67;;514-001-2011;;0 meses;;;;;;;
0001223453;68;;128-2008;;0 meses;;;;;;;
0001223453;69;;058-2012;;0 meses;;;;;;;
0001223453;70;;098-2011;;0 meses;;;;;;;
0001223453;71;;057-2001;;0 meses;;;;;;;
0001223453;72;;122-2008;;0 meses;;;;;;;
0001223453;73;;0000019204-2013;;0 meses;;;;;;;
0001223453;74;;170-2008;;0 meses;;;;;;;
0001223453;75;;038-2010;;0 meses;;;;;;;
0001223453;76;;001-1999;;0 meses;;;;;;;
0001240633;31;;900863668-7;;;;;;;;;
0001250035;108;PROVILUN;;;;;;;;;;
0001250035;109;;;;;;;;;;;
0001250035;110;;;;;;;;;;;
0001250035;111;;;;;;;;;;;
0001250035;112;;;;;;;;;;;
0001250035;113;;;;;;;;;;;
0001250035;114;;2-02-26300-1212-2013;;0 meses;;;;;;;
0001250035;115;;;;0 meses;;;;;;;
0001250035;116;;052-2001;;0 meses;;;;;;;
0001250035;117;;610-2003;;0 meses;;;;;;;
0001250035;118;;;;0 meses;;;;;;;
0001250035;119;;CAEM-TNA01-2012;;0 meses;;;;;;;
0001250035;120;;010-2002;;0 meses;;;;;;;
0001250035;121;;563-2002;;0 meses;;;;;;;
0001250035;122;;;;;;;;;;;
0001251139;82;;;;;;;;;;;
0001251139;83;;;;;;;;;;;
0001256084;17;;;;12 meses;;;;;;;
0001333865;40;;;;;;;;;;;
0001354409;22;;;;;;;;;;;
0001380476;5;AMQual;;;;;;;;;;
0001405838;20;;;;;;;;;;;
0001405838;21;;;;;;;;;;;
0001405838;22;;;;;;;;;;;
0001405838;23;;;;;;;;;;;
0001410851;8;BASE DE DATOS;;;;;;;;;;
0001410851;9;;;;;;;;;;;
0001433802;12;ERA-NET CRUE;ERAC-CT-2004-515742;;0 meses;;;;;;;
0001433802;13;;;;0 meses;;;;;;;
0001433802;14;;;;;;;;;;;
0001479088;11;;;;;;;;;MICROSOFT EXCEL;VISUAL BASIC;
0001479088;12;Validación LOO;;;;;;;;;;
0001479365;6;;;;8 meses;;;;;;;
0001479365;7;;;;4 meses;;;;;;;
0001479365;8;;;;6 meses;;;;;;;
0001479365;9;DTS Plan Mestro de movilidad de Bogotá;BM-81-2005;;16 meses;;;;;;;
0001479365;10;Observatorio para la Seguridad Vial de Peatones;;;6 meses;;;;;;;
0001479365;11;Agenda Regional de Movilidad;;;10 meses;;;;;;;
0001479365;12;Fase I del Plan de Intercambiadores Modales Bogotá Región;SM-228-2007;;10 meses;;;;;;;
0001479365;13;Observatorio para la Seguridad Vial de Ciclistas;;;6 meses;;;;;;;
0001479365;14;;;;7 meses;;;;;;;
0001482562;2;;NA;;;;;;;.;.;
0001482562;3;MANTPREV;NA;;;;;;;.;.;
0001482562;4;;;;;;;;;;;
0001482562;5;;;;;;;;;;;
0001482562;6;;900246202;;;;;;;;;
0001484821;8;;900512264-1;;;;;;;;;
0001494814;2;;;;0 meses;;;;;;;
0001607239;15;;113 / 2016;;8 meses;;;;;;;
0001609161;2;;;;;;;;;;;
0001609161;3;;;;;;;;;;;
0001609161;4;;;;;;;;;;;
0001609161;5;;;;;;;;;;;
0001609161;6;;;;;;;;;;;
0001609161;7;;;;;;;;;;;
0001609161;8;;;;;;;;;;;
0001609161;9;;;;;;;;;;;
0001609161;10;;;;;;;;;;;
0001609161;11;;;;;;;;;;;
0001609161;12;;;;;;;;;;;
0001609161;13;;;;;;;;;;;
0001609161;14;;;;;;;;;;;
0001609161;15;;;;;;;;;;;
0001609161;16;;;;;;;;;;;
0001609161;17;;;;;;;;;;;
0001609161;18;;;;;;;;;;;
0001609161;19;;;;;;;;;;;
0001609161;20;;;;;;;;;;;
0001609161;21;;;;;;;;;;;
0001609161;22;;;;;;;;;;;
0001609161;23;;;;;;;;;;;
0001609161;24;;;;;;;;;;;
0001609161;25;;;;;;;;;;;
0001609161;26;;;;;;;;;;;
0001609161;27;;;;;;;;;;;
0001609161;28;;001/2013;;0 meses;;;;;;;
0001609161;29;;001/2013;;0 meses;;;;;;;
0001609161;30;;001/2013;;0 meses;;;;;;;
0001609161;31;;001/2013;;0 meses;;;;;;;
0001609161;32;;001/2013;;0 meses;;;;;;;
0001609161;33;;001/2013;;0 meses;;;;;;;
0001609161;34;;001/2013;;0 meses;;;;;;;
0001609161;35;;001/2013;;0 meses;;;;;;;
0001609161;36;;453/2013;;0 meses;;;;;;;
0001609161;37;;453/2013;;0 meses;;;;;;;
0001609161;38;;453/2013;;0 meses;;;;;;;
0001635026;7;;Acuerdo para adelantar pasantía N° PC0701;;0 meses;;;;;;;
0001635026;8;;UGI42;;3 meses;;;;;;;
